region,product,units,unit_price
east,nut,26,16.45
north,bolt,24,14.78
south,bolt,6,11.12
north,nut,6,14.0
north,bolt,15,15.95
north,belt,4,24.42
north,nut,19,10.77
north,gear,36,20.5
south,bolt,38,14.49
south,gear,7,13.92
north,bolt,40,5.55
west,gear,30,14.85
west,gear,20,6.59
south,nut,6,14.57
west,gear,29,7.55
north,bolt,33,10.74
east,nut,32,10.83
north,gear,22,17.53
west,belt,5,21.08
east,belt,5,1.99
east,belt,19,18.06
east,bolt,30,9.21
north,belt,4,5.85
east,nut,16,10.25
west,bolt,11,11.51
east,nut,28,21.67
east,belt,23,17.23
west,nut,10,2.53
south,nut,15,0.8
south,gear,19,0.6
west,gear,40,14.38
south,bolt,30,22.54
west,belt,26,10.16
west,belt,4,5.17
south,belt,11,3.19
north,bolt,1,14.39
north,gear,40,1.12
south,belt,10,16.04
east,gear,31,3.51
west,belt,31,12.35
north,nut,7,18.87
east,belt,11,13.15
south,gear,10,17.41
north,gear,6,17.56
east,gear,11,9.21
south,gear,15,15.52
south,nut,26,18.63
south,nut,34,12.57
north,bolt,18,12.07
south,gear,29,20.31
east,gear,6,5.9
south,belt,13,8.77
west,bolt,31,22.78
east,bolt,8,22.79
south,belt,12,11.13
east,bolt,26,11.85
north,nut,11,24.83
north,nut,38,22.67
south,belt,23,4.32
south,bolt,1,20.08
